sequence,energy,coords
HPHPPHHPHHPPPH,-5,"[(0, 0), (0, 1), (-1, 1), (-2, 1), (-2, 0), (-1, 0), (-1, -1), (-1, -2), (0, -2), (0, -1), (1, -1), (1, -2), (1, -3), (0, -3)]"
HHPPHHPPHHPHH,-6,"[(0, 0), (0, 1), (0, 2), (-1, 2), (-1, 1), (-1, 0), (-2, 0), (-2, -1), (-1, -1), (0, -1), (1, -1), (1, 0), (1, 1)]"
HHHHHHPPHHHPPHPPHH,-9,"[(0, 0), (0, 1), (-1, 1), (-1, 0), (-1, -1), (0, -1), (0, -2), (1, -2), (1, -1), (1, 0), (1, 1), (1, 2), (2, 2), (2, 1), (3, 1), (3, 0), (2, 0), (2, -1)]"
HHPPPPHPHPHHHHP,-5,"[(0, 0), (0, 1), (-1, 1), (-1, 2), (-1, 3), (0, 3), (0, 2), (1, 2), (1, 1), (2, 1), (2, 0), (1, 0), (1, -1), (0, -1), (0, -2)]"
HHPHHPHHPPPPHHPH,-6,"[(0, 0), (0, 1), (-1, 1), (-1, 0), (-2, 0), (-2, -1), (-1, -1), (0, -1), (0, -2), (0, -3), (1, -3), (1, -2), (1, -1), (1, 0), (2, 0), (2, -1)]"
PPHHHPHPHHHHHH,-6,"[(0, 0), (0, 1), (0, 2), (0, 3), (0, 4), (0, 5), (-1, 5), (-2, 5), (-2, 4), (-1, 4), (-1, 3), (-1, 2), (-2, 2), (-2, 3)]"
PHHHHPHPHHHPH,-5,"[(0, 0), (0, 1), (0, 2), (-1, 2), (-1, 1), (-2, 1), (-2, 2), (-2, 3), (-1, 3), (0, 3), (0, 4), (1, 4), (1, 3)]"
HPHHHHPHHPHPHH,-6,"[(0, 0), (0, 1), (-1, 1), (-1, 0), (-1, -1), (0, -1), (0, -2), (-1, -2), (-1, -3), (-2, -3), (-2, -2), (-2, -1), (-2, 0), (-2, 1)]"
HPHPHHHHHHHPHPHP,-6,"[(0, 0), (0, 1), (-1, 1), (-1, 2), (-2, 2), (-2, 1), (-2, 0), (-1, 0), (-1, -1), (-2, -1), (-2, -2), (-3, -2), (-3, -1), (-3, 0), (-3, 1), (-3, 2)]"
PPHHPHHHHPPPPPHH,-5,"[(0, 0), (0, 1), (0, 2), (0, 3), (0, 4), (-1, 4), (-1, 3), (-1, 2), (-2, 2), (-2, 1), (-3, 1), (-3, 2), (-3, 3), (-3, 4), (-2, 4), (-2, 3)]"
PHHHHHPPPPHP,-3,"[(0, 0), (0, 1), (0, 2), (-1, 2), (-1, 1), (-2, 1), (-2, 0), (-3, 0), (-3, 1), (-3, 2), (-2, 2), (-2, 3)]"
HHPPPHPPPHHPHPHPPH,-6,"[(0, 0), (0, 1), (-1, 1), (-1, 0), (-1, -1), (0, -1), (0, -2), (1, -2), (1, -1), (1, 0), (2, 0), (2, 1), (1, 1), (1, 2), (0, 2), (0, 3), (-1, 3), (-1, 2)]"
PPHHPHHPHHPPP,-3,"[(0, 0), (0, 1), (0, 2), (-1, 2), (-1, 3), (0, 3), (0, 4), (1, 4), (1, 3), (1, 2), (1, 1), (1, 0), (1, -1)]"
HPHHHHHPPHPHHHH,-7,"[(0, 0), (0, 1), (-1, 1), (-1, 0), (-1, -1), (0, -1), (0, -2), (0, -3), (-1, -3), (-1, -2), (-2, -2), (-2, -1), (-2, 0), (-2, 1), (-2, 2)]"
PHHHPHPHHHPPPHHPP,-5,"[(0, 0), (0, 1), (0, 2), (-1, 2), (-1, 3), (0, 3), (1, 3), (1, 2), (1, 1), (1, 0), (1, -1), (2, -1), (2, 0), (2, 1), (2, 2), (2, 3), (2, 4)]"
HPHPHPHPPHHHPHPP,-5,"[(0, 0), (0, 1), (0, 2), (0, 3), (-1, 3), (-1, 4), (-2, 4), (-3, 4), (-3, 3), (-2, 3), (-2, 2), (-1, 2), (-1, 1), (-1, 0), (-1, -1), (-1, -2)]"
HHHHHHHPPPHHHPHPHP,-7,"[(0, 0), (0, 1), (-1, 1), (-1, 0), (-1, -1), (0, -1), (0, -2), (0, -3), (1, -3), (1, -2), (1, -1), (1, 0), (2, 0), (2, 1), (1, 1), (1, 2), (0, 2), (0, 3)]"
PPHPPHHPPHHP,-3,"[(0, 0), (0, 1), (0, 2), (-1, 2), (-1, 3), (0, 3), (1, 3), (2, 3), (2, 2), (1, 2), (1, 1), (1, 0)]"
PHPPPHPPPHPHHPHH,-4,"[(0, 0), (0, 1), (0, 2), (0, 3), (-1, 3), (-2, 3), (-2, 4), (-3, 4), (-3, 3), (-3, 2), (-3, 1), (-2, 1), (-2, 2), (-1, 2), (-1, 1), (-1, 0)]"
PHPPHHHPPHPHH,-5,"[(0, 0), (0, 1), (-1, 1), (-1, 2), (0, 2), (1, 2), (1, 1), (1, 0), (2, 0), (2, 1), (3, 1), (3, 2), (2, 2)]"
PPHHPPHHPPPHPPHHH,-5,"[(0, 0), (0, 1), (0, 2), (0, 3), (0, 4), (-1, 4), (-1, 3), (-1, 2), (-1, 1), (-1, 0), (-2, 0), (-2, 1), (-3, 1), (-3, 2), (-2, 2), (-2, 3), (-2, 4)]"
HHHPHHHPPHHHPPPHPH,-8,"[(0, 0), (0, 1), (-1, 1), (-1, 2), (0, 2), (1, 2), (1, 1), (2, 1), (2, 0), (1, 0), (1, -1), (0, -1), (0, -2), (-1, -2), (-1, -1), (-1, 0), (-2, 0), (-2, 1)]"
PPHPHPPPHHHH,-3,"[(0, 0), (0, 1), (0, 2), (0, 3), (-1, 3), (-1, 4), (-2, 4), (-2, 3), (-2, 2), (-1, 2), (-1, 1), (-2, 1)]"
PHPHPHPHHPPHP,-2,"[(0, 0), (0, 1), (0, 2), (0, 3), (0, 4), (-1, 4), (-2, 4), (-2, 3), (-1, 3), (-1, 2), (-1, 1), (-1, 0), (-1, -1)]"
PPPPHHPHPHHHHPHH,-6,"[(0, 0), (0, 1), (0, 2), (0, 3), (0, 4), (-1, 4), (-2, 4), (-2, 5), (-2, 6), (-1, 6), (-1, 5), (0, 5), (0, 6), (1, 6), (1, 5), (1, 4)]"
PHHHPHHHHHHPHHHHP,-8,"[(0, 0), (0, 1), (0, 2), (0, 3), (0, 4), (-1, 4), (-2, 4), (-2, 3), (-1, 3), (-1, 2), (-1, 1), (-2, 1), (-2, 2), (-3, 2), (-3, 3), (-3, 4), (-3, 5)]"
HHPPPPHHPPPHPHHPP,-5,"[(0, 0), (0, 1), (0, 2), (0, 3), (-1, 3), (-1, 2), (-1, 1), (-1, 0), (-1, -1), (-1, -2), (0, -2), (0, -1), (1, -1), (1, 0), (1, 1), (1, 2), (1, 3)]"
HHPHHPHPHHHPPPHH,-7,"[(0, 0), (0, 1), (-1, 1), (-1, 0), (-2, 0), (-2, -1), (-1, -1), (-1, -2), (0, -2), (0, -1), (1, -1), (2, -1), (2, 0), (2, 1), (1, 1), (1, 0)]"
HPHHPHPHHHHPHPPPHH,-8,"[(0, 0), (0, 1), (-1, 1), (-1, 0), (-1, -1), (-2, -1), (-3, -1), (-3, 0), (-2, 0), (-2, 1), (-3, 1), (-3, 2), (-2, 2), (-2, 3), (-2, 4), (-1, 4), (-1, 3), (-1, 2)]"
PHHPHHHHPHHPPH,-6,"[(0, 0), (0, 1), (0, 2), (0, 3), (-1, 3), (-1, 2), (-1, 1), (-1, 0), (-2, 0), (-2, 1), (-2, 2), (-3, 2), (-3, 3), (-2, 3)]"
PHPHHPHHHHHHPPP,-5,"[(0, 0), (0, 1), (0, 2), (-1, 2), (-1, 1), (-1, 0), (-2, 0), (-2, 1), (-2, 2), (-3, 2), (-3, 1), (-3, 0), (-3, -1), (-3, -2), (-3, -3)]"
PHPPPHPPHHPHHHPH,-4,"[(0, 0), (0, 1), (-1, 1), (-2, 1), (-2, 2), (-1, 2), (-1, 3), (0, 3), (0, 2), (1, 2), (2, 2), (2, 1), (1, 1), (1, 0), (1, -1), (1, -2)]"
PHPPPPHHPPHHPHHHHH,-6,"[(0, 0), (0, 1), (-1, 1), (-2, 1), (-2, 2), (-1, 2), (0, 2), (0, 3), (0, 4), (1, 4), (1, 3), (1, 2), (2, 2), (2, 1), (1, 1), (1, 0), (2, 0), (2, -1)]"
PHPPHHPPPHHHHPH,-5,"[(0, 0), (0, 1), (-1, 1), (-1, 2), (0, 2), (0, 3), (0, 4), (1, 4), (1, 3), (1, 2), (1, 1), (2, 1), (2, 2), (3, 2), (3, 1)]"
PHPHHHPHHPHPPH,-5,"[(0, 0), (0, 1), (0, 2), (-1, 2), (-1, 1), (-1, 0), (-2, 0), (-2, 1), (-2, 2), (-2, 3), (-1, 3), (-1, 4), (0, 4), (0, 3)]"
HHPPPPHHPHPP,-3,"[(0, 0), (0, 1), (0, 2), (0, 3), (-1, 3), (-1, 2), (-1, 1), (-1, 0), (-1, -1), (0, -1), (0, -2), (0, -3)]"
PPHPHPPHPHPHHHH,-5,"[(0, 0), (0, 1), (0, 2), (-1, 2), (-1, 3), (-1, 4), (0, 4), (0, 3), (1, 3), (1, 2), (1, 1), (2, 1), (2, 2), (3, 2), (3, 1)]"
HHHPHPHHHHPHHHHH,-8,"[(0, 0), (0, 1), (-1, 1), (-1, 2), (0, 2), (1, 2), (1, 1), (1, 0), (1, -1), (0, -1), (-1, -1), (-1, 0), (-2, 0), (-2, 1), (-3, 1), (-3, 0)]"
PHHHHPHHHPHPPPP,-4,"[(0, 0), (0, 1), (0, 2), (-1, 2), (-1, 1), (-2, 1), (-2, 2), (-2, 3), (-1, 3), (-1, 4), (-2, 4), (-2, 5), (-2, 6), (-2, 7), (-2, 8)]"
PHPPHHHPHPHHPP,-5,"[(0, 0), (0, 1), (-1, 1), (-1, 2), (0, 2), (1, 2), (1, 1), (2, 1), (2, 2), (2, 3), (1, 3), (0, 3), (0, 4), (0, 5)]"
HHPPHHHPPHHH,-5,"[(0, 0), (0, 1), (0, 2), (-1, 2), (-1, 1), (-1, 0), (-1, -1), (-1, -2), (0, -2), (0, -1), (1, -1), (1, 0)]"
PHHPHPPHPPPHHHPPH,-6,"[(0, 0), (0, 1), (-1, 1), (-1, 2), (0, 2), (0, 3), (1, 3), (1, 2), (2, 2), (3, 2), (3, 1), (2, 1), (1, 1), (1, 0), (1, -1), (2, -1), (2, 0)]"
PHHHHPPHPHHPH,-5,"[(0, 0), (0, 1), (0, 2), (-1, 2), (-1, 1), (-1, 0), (-2, 0), (-2, 1), (-3, 1), (-3, 2), (-2, 2), (-2, 3), (-3, 3)]"
PHPPHHHHPHHHPPHP,-6,"[(0, 0), (0, 1), (-1, 1), (-1, 2), (0, 2), (1, 2), (1, 1), (1, 0), (2, 0), (2, 1), (2, 2), (2, 3), (2, 4), (1, 4), (1, 3), (0, 3)]"
PHHPPPPPHHPPHPPHH,-4,"[(0, 0), (0, 1), (-1, 1), (-1, 0), (-1, -1), (0, -1), (1, -1), (1, 0), (1, 1), (1, 2), (1, 3), (0, 3), (0, 2), (-1, 2), (-2, 2), (-2, 1), (-2, 0)]"
HPPHHHHHHHHHPHP,-7,"[(0, 0), (0, 1), (-1, 1), (-1, 0), (-1, -1), (-1, -2), (0, -2), (0, -1), (1, -1), (1, 0), (2, 0), (2, -1), (2, -2), (1, -2), (1, -3)]"
PPHHPHPPPPHHPPHHP,-5,"[(0, 0), (0, 1), (0, 2), (-1, 2), (-1, 3), (0, 3), (0, 4), (0, 5), (1, 5), (1, 4), (1, 3), (1, 2), (1, 1), (2, 1), (2, 2), (2, 3), (2, 4)]"
PPPPPHHHPHHHPPHHHP,-5,"[(0, 0), (0, 1), (0, 2), (0, 3), (0, 4), (0, 5), (0, 6), (-1, 6), (-2, 6), (-2, 5), (-1, 5), (-1, 4), (-1, 3), (-2, 3), (-2, 4), (-3, 4), (-3, 5), (-3, 6)]"
HPPPPHHHPHHPPH,-5,"[(0, 0), (0, 1), (0, 2), (-1, 2), (-1, 1), (-1, 0), (-1, -1), (0, -1), (0, -2), (-1, -2), (-2, -2), (-3, -2), (-3, -1), (-2, -1)]"
PHHPPHPHHHPPHPHHP,-6,"[(0, 0), (0, 1), (0, 2), (0, 3), (-1, 3), (-1, 2), (-2, 2), (-2, 1), (-1, 1), (-1, 0), (-1, -1), (-2, -1), (-2, 0), (-3, 0), (-3, 1), (-3, 2), (-3, 3)]"
HHHHHPHHHHHPPHH,-7,"[(0, 0), (0, 1), (-1, 1), (-1, 0), (-1, -1), (-2, -1), (-2, 0), (-2, 1), (-2, 2), (-1, 2), (0, 2), (0, 3), (1, 3), (1, 2), (1, 1)]"
PHHHHHHHPPPH,-3,"[(0, 0), (0, 1), (0, 2), (-1, 2), (-1, 1), (-2, 1), (-2, 2), (-2, 3), (-2, 4), (-3, 4), (-3, 3), (-3, 2)]"
PPHHHPPPPHHHHPP,-3,"[(0, 0), (0, 1), (0, 2), (-1, 2), (-1, 3), (-1, 4), (-1, 5), (0, 5), (0, 4), (0, 3), (1, 3), (1, 2), (1, 1), (1, 0), (1, -1)]"
HPPPHPHHHPPHPP,-4,"[(0, 0), (0, 1), (0, 2), (-1, 2), (-1, 1), (-2, 1), (-2, 0), (-1, 0), (-1, -1), (-1, -2), (-2, -2), (-2, -1), (-3, -1), (-3, 0)]"
PHHPPPPHHHPHPHHHPP,-5,"[(0, 0), (0, 1), (0, 2), (-1, 2), (-2, 2), (-2, 3), (-1, 3), (0, 3), (1, 3), (1, 2), (2, 2), (2, 3), (2, 4), (1, 4), (0, 4), (0, 5), (0, 6), (0, 7)]"
HHHHHPHPHPHPH,-4,"[(0, 0), (0, 1), (0, 2), (-1, 2), (-1, 1), (-2, 1), (-2, 2), (-2, 3), (-1, 3), (0, 3), (1, 3), (1, 2), (1, 1)]"
PHHPPPHHHHHHHHH,-6,"[(0, 0), (0, 1), (-1, 1), (-2, 1), (-2, 2), (-2, 3), (-1, 3), (-1, 2), (0, 2), (0, 3), (1, 3), (1, 2), (1, 1), (2, 1), (2, 2)]"
PHPHHPHHPHHHHH,-5,"[(0, 0), (0, 1), (0, 2), (-1, 2), (-1, 1), (-2, 1), (-2, 2), (-3, 2), (-3, 3), (-2, 3), (-1, 3), (-1, 4), (-2, 4), (-2, 5)]"
HPHPHPHHHHHPH,-4,"[(0, 0), (0, 1), (-1, 1), (-1, 2), (-2, 2), (-3, 2), (-3, 1), (-2, 1), (-2, 0), (-1, 0), (-1, -1), (-1, -2), (-1, -3)]"
PPHPPPPPHHHHHHP,-3,"[(0, 0), (0, 1), (0, 2), (0, 3), (0, 4), (0, 5), (-1, 5), (-1, 4), (-1, 3), (-1, 2), (-2, 2), (-2, 3), (-3, 3), (-3, 2), (-3, 1)]"
PHPHHPHPHHHPPHPHHH,-8,"[(0, 0), (0, 1), (0, 2), (-1, 2), (-1, 1), (-2, 1), (-2, 2), (-3, 2), (-3, 3), (-2, 3), (-1, 3), (0, 3), (0, 4), (-1, 4), (-1, 5), (-2, 5), (-2, 4), (-3, 4)]"
HHHPHHHHHPPHHPPP,-6,"[(0, 0), (0, 1), (0, 2), (-1, 2), (-1, 1), (-1, 0), (-1, -1), (0, -1), (1, -1), (2, -1), (2, 0), (1, 0), (1, 1), (1, 2), (1, 3), (1, 4)]"
PPPHHHPPPPHHH,-3,"[(0, 0), (0, 1), (0, 2), (0, 3), (-1, 3), (-1, 4), (-1, 5), (-1, 6), (0, 6), (0, 5), (0, 4), (1, 4), (1, 3)]"
PHPHHHHHPPPP,-2,"[(0, 0), (0, 1), (0, 2), (-1, 2), (-1, 1), (-2, 1), (-2, 2), (-2, 3), (-2, 4), (-2, 5), (-2, 6), (-2, 7)]"
PPHPPHHPHHPHP,-4,"[(0, 0), (0, 1), (0, 2), (-1, 2), (-1, 3), (0, 3), (0, 4), (1, 4), (1, 3), (1, 2), (2, 2), (2, 3), (2, 4)]"
HHPPHPPHPPHH,-4,"[(0, 0), (0, 1), (0, 2), (-1, 2), (-1, 1), (-2, 1), (-2, 0), (-1, 0), (-1, -1), (-1, -2), (0, -2), (0, -1)]"
HHHPPPHHPPHHHPHHHH,-8,"[(0, 0), (0, 1), (-1, 1), (-1, 2), (0, 2), (1, 2), (1, 1), (1, 0), (2, 0), (2, -1), (1, -1), (0, -1), (0, -2), (-1, -2), (-1, -1), (-1, 0), (-2, 0), (-2, 1)]"
PPHHPHPPPHHHHHPPP,-4,"[(0, 0), (0, 1), (0, 2), (-1, 2), (-1, 3), (0, 3), (0, 4), (1, 4), (2, 4), (2, 3), (1, 3), (1, 2), (2, 2), (2, 1), (2, 0), (2, -1), (2, -2)]"
HHHPHHHPPHPPHHH,-6,"[(0, 0), (0, 1), (0, 2), (-1, 2), (-1, 1), (-1, 0), (-1, -1), (-1, -2), (0, -2), (0, -1), (1, -1), (1, 0), (1, 1), (1, 2), (1, 3)]"
HHHHHPPHHPPPHHPH,-6,"[(0, 0), (0, 1), (-1, 1), (-1, 0), (-1, -1), (-1, -2), (0, -2), (0, -1), (1, -1), (1, 0), (1, 1), (1, 2), (0, 2), (-1, 2), (-1, 3), (0, 3)]"
PPPHHHHHPHHHHH,-5,"[(0, 0), (0, 1), (0, 2), (0, 3), (0, 4), (-1, 4), (-1, 3), (-1, 2), (-2, 2), (-2, 3), (-2, 4), (-2, 5), (-1, 5), (0, 5)]"
PPHPHHHHHHPPPPHHH,-6,"[(0, 0), (0, 1), (0, 2), (0, 3), (-1, 3), (-1, 2), (-2, 2), (-2, 3), (-3, 3), (-3, 2), (-4, 2), (-4, 1), (-4, 0), (-3, 0), (-3, 1), (-2, 1), (-1, 1)]"
HHHPHPHHHPHPPPHPPH,-6,"[(0, 0), (0, 1), (-1, 1), (-1, 2), (0, 2), (1, 2), (1, 1), (1, 0), (1, -1), (2, -1), (2, 0), (2, 1), (2, 2), (2, 3), (1, 3), (1, 4), (0, 4), (0, 3)]"
PHHPPHPHPPPHPH,-2,"[(0, 0), (0, 1), (0, 2), (-1, 2), (-1, 3), (0, 3), (1, 3), (1, 2), (1, 1), (1, 0), (1, -1), (1, -2), (1, -3), (1, -4)]"
HPPHPPPHPHHPPH,-5,"[(0, 0), (0, 1), (-1, 1), (-1, 0), (-2, 0), (-2, -1), (-1, -1), (0, -1), (0, -2), (1, -2), (1, -1), (2, -1), (2, 0), (1, 0)]"
PHHHPPHHHPPPHPHPH,-5,"[(0, 0), (0, 1), (-1, 1), (-1, 2), (-1, 3), (0, 3), (0, 2), (1, 2), (1, 1), (1, 0), (2, 0), (2, 1), (2, 2), (2, 3), (1, 3), (1, 4), (1, 5)]"
HPPHHHHPHPPH,-5,"[(0, 0), (0, 1), (-1, 1), (-1, 0), (-1, -1), (0, -1), (0, -2), (1, -2), (1, -1), (2, -1), (2, 0), (1, 0)]"
HPPPPPHHPHPHHP,-3,"[(0, 0), (0, 1), (0, 2), (0, 3), (-1, 3), (-1, 2), (-1, 1), (-1, 0), (-1, -1), (0, -1), (1, -1), (1, 0), (1, 1), (1, 2)]"
PPHHHHPHPPHHPHHP,-6,"[(0, 0), (0, 1), (0, 2), (0, 3), (-1, 3), (-1, 2), (-2, 2), (-2, 3), (-3, 3), (-3, 4), (-2, 4), (-1, 4), (-1, 5), (0, 5), (0, 4), (1, 4)]"
PPHHHHHHHPHHHHHHH,-8,"[(0, 0), (0, 1), (0, 2), (0, 3), (-1, 3), (-1, 2), (-2, 2), (-2, 3), (-2, 4), (-2, 5), (-1, 5), (-1, 4), (0, 4), (0, 5), (1, 5), (1, 4), (1, 3)]"
PHHPHPHPHHPHPHHP,-5,"[(0, 0), (0, 1), (-1, 1), (-1, 2), (0, 2), (1, 2), (1, 1), (1, 0), (2, 0), (2, 1), (3, 1), (3, 0), (3, -1), (2, -1), (2, -2), (2, -3)]"
PPHPHPHHHPHHPHPP,-5,"[(0, 0), (0, 1), (0, 2), (0, 3), (-1, 3), (-2, 3), (-2, 2), (-1, 2), (-1, 1), (-1, 0), (-2, 0), (-2, 1), (-3, 1), (-3, 2), (-3, 3), (-3, 4)]"
HHHHHPHPHHHHP,-6,"[(0, 0), (0, 1), (-1, 1), (-1, 2), (0, 2), (0, 3), (-1, 3), (-2, 3), (-2, 2), (-2, 1), (-2, 0), (-1, 0), (-1, -1)]"
PHPHHPPHPHHPPHPP,-4,"[(0, 0), (0, 1), (0, 2), (-1, 2), (-1, 1), (-1, 0), (-2, 0), (-2, 1), (-3, 1), (-3, 2), (-2, 2), (-2, 3), (-2, 4), (-2, 5), (-2, 6), (-2, 7)]"
HHPHPPPHPHHHPH,-5,"[(0, 0), (0, 1), (-1, 1), (-1, 0), (-1, -1), (-1, -2), (0, -2), (0, -1), (1, -1), (1, 0), (1, 1), (1, 2), (2, 2), (2, 1)]"
PHPPHPHHHPHHPPHP,-6,"[(0, 0), (0, 1), (-1, 1), (-1, 2), (0, 2), (0, 3), (1, 3), (1, 2), (1, 1), (2, 1), (2, 2), (2, 3), (2, 4), (3, 4), (3, 3), (3, 2)]"
PHHHPHHHPPHHHPHP,-6,"[(0, 0), (0, 1), (0, 2), (-1, 2), (-2, 2), (-2, 1), (-1, 1), (-1, 0), (-1, -1), (-2, -1), (-2, 0), (-3, 0), (-3, 1), (-4, 1), (-4, 0), (-4, -1)]"
PPHHPHHPHHHPHHHH,-6,"[(0, 0), (0, 1), (0, 2), (-1, 2), (-1, 3), (0, 3), (0, 4), (1, 4), (1, 3), (1, 2), (1, 1), (2, 1), (2, 2), (2, 3), (3, 3), (3, 2)]"
PPHPHHPHHPPPHPHPP,-4,"[(0, 0), (0, 1), (0, 2), (0, 3), (-1, 3), (-1, 2), (-1, 1), (-2, 1), (-2, 2), (-2, 3), (-3, 3), (-3, 2), (-3, 1), (-3, 0), (-2, 0), (-2, -1), (-2, -2)]"
HHPHHHPPPPHPH,-4,"[(0, 0), (0, 1), (-1, 1), (-1, 0), (-1, -1), (0, -1), (0, -2), (0, -3), (1, -3), (1, -2), (1, -1), (1, 0), (1, 1)]"
PPHHHPPPPHPPHHHH,-5,"[(0, 0), (0, 1), (0, 2), (-1, 2), (-2, 2), (-2, 1), (-3, 1), (-3, 2), (-3, 3), (-2, 3), (-2, 4), (-1, 4), (-1, 3), (0, 3), (1, 3), (1, 2)]"
HPPHHPHHPHPH,-5,"[(0, 0), (0, 1), (-1, 1), (-1, 0), (-1, -1), (-1, -2), (0, -2), (0, -1), (1, -1), (1, -2), (1, -3), (0, -3)]"
PHPPPPHPHPHPHH,-4,"[(0, 0), (0, 1), (-1, 1), (-1, 2), (-1, 3), (0, 3), (0, 2), (1, 2), (1, 1), (1, 0), (2, 0), (3, 0), (3, 1), (2, 1)]"
PHHHHHHPHHPHHHP,-6,"[(0, 0), (0, 1), (0, 2), (-1, 2), (-1, 1), (-2, 1), (-2, 2), (-2, 3), (-1, 3), (0, 3), (1, 3), (1, 2), (1, 1), (1, 0), (1, -1)]"
PHHHHPHHHHPHPPH,-7,"[(0, 0), (0, 1), (0, 2), (-1, 2), (-1, 1), (-2, 1), (-2, 2), (-2, 3), (-1, 3), (0, 3), (0, 4), (-1, 4), (-1, 5), (-2, 5), (-2, 4)]"
PPHHPHHPHPPP,-2,"[(0, 0), (0, 1), (0, 2), (0, 3), (-1, 3), (-1, 2), (-1, 1), (-2, 1), (-2, 2), (-2, 3), (-2, 4), (-2, 5)]"
PHHPHPHHPPHHHPP,-4,"[(0, 0), (0, 1), (-1, 1), (-1, 2), (0, 2), (0, 3), (1, 3), (1, 2), (2, 2), (2, 1), (1, 1), (1, 0), (1, -1), (1, -2), (1, -3)]"
HHPPPHHHPHPPHH,-5,"[(0, 0), (0, 1), (0, 2), (-1, 2), (-1, 1), (-1, 0), (-1, -1), (0, -1), (1, -1), (1, 0), (2, 0), (2, 1), (1, 1), (1, 2)]"
HHHPPPHPHHHH,-4,"[(0, 0), (0, 1), (-1, 1), (-1, 2), (-1, 3), (0, 3), (0, 2), (1, 2), (1, 1), (1, 0), (1, -1), (0, -1)]"
HHHHHHHHHPHHHHH,-8,"[(0, 0), (0, 1), (-1, 1), (-1, 0), (-1, -1), (0, -1), (1, -1), (1, 0), (1, 1), (1, 2), (0, 2), (-1, 2), (-2, 2), (-2, 1), (-2, 0)]"
HPPPHPHHHPHPHHHP,-4,"[(0, 0), (0, 1), (0, 2), (-1, 2), (-1, 1), (-2, 1), (-2, 0), (-1, 0), (-1, -1), (-1, -2), (-1, -3), (-2, -3), (-2, -2), (-2, -1), (-3, -1), (-3, 0)]"
PHHHPHPHPPHPHPP,-5,"[(0, 0), (0, 1), (-1, 1), (-1, 0), (-2, 0), (-2, 1), (-2, 2), (-1, 2), (-1, 3), (0, 3), (0, 2), (1, 2), (1, 1), (1, 0), (1, -1)]"
PPPPHPHHPHHPPPH,-3,"[(0, 0), (0, 1), (0, 2), (0, 3), (0, 4), (0, 5), (-1, 5), (-1, 4), (-2, 4), (-2, 5), (-2, 6), (-2, 7), (-3, 7), (-3, 6), (-3, 5)]"
HHHHHHPPHHHPHPHPP,-7,"[(0, 0), (0, 1), (-1, 1), (-1, 0), (-1, -1), (0, -1), (0, -2), (1, -2), (1, -1), (1, 0), (2, 0), (2, 1), (1, 1), (1, 2), (0, 2), (0, 3), (0, 4)]"
HPHPPPHHHHPHH,-4,"[(0, 0), (0, 1), (-1, 1), (-1, 2), (-2, 2), (-2, 1), (-2, 0), (-1, 0), (-1, -1), (-2, -1), (-2, -2), (-1, -2), (-1, -3)]"
PPPHHHHPPPPHHHHPHP,-5,"[(0, 0), (0, 1), (0, 2), (0, 3), (0, 4), (-1, 4), (-1, 3), (-1, 2), (-1, 1), (-2, 1), (-2, 2), (-2, 3), (-2, 4), (-2, 5), (-1, 5), (-1, 6), (-2, 6), (-2, 7)]"
HHHHHHHHPPPHHPH,-6,"[(0, 0), (0, 1), (-1, 1), (-2, 1), (-2, 0), (-1, 0), (-1, -1), (-2, -1), (-2, -2), (-1, -2), (0, -2), (0, -1), (1, -1), (1, 0), (1, 1)]"
HHPHPPPHHHHP,-4,"[(0, 0), (0, 1), (-1, 1), (-1, 0), (-1, -1), (0, -1), (1, -1), (1, 0), (1, 1), (1, 2), (0, 2), (0, 3)]"
HHPHHHHHPPHP,-5,"[(0, 0), (0, 1), (-1, 1), (-1, 0), (-1, -1), (0, -1), (1, -1), (1, 0), (2, 0), (2, 1), (1, 1), (1, 2)]"
HPHHPHPPHHHPPHPHHH,-8,"[(0, 0), (0, 1), (-1, 1), (-1, 2), (-2, 2), (-2, 1), (-3, 1), (-3, 0), (-2, 0), (-1, 0), (-1, -1), (-2, -1), (-2, -2), (-1, -2), (0, -2), (0, -1), (1, -1), (1, 0)]"
PPHHPHPPHPHHH,-4,"[(0, 0), (0, 1), (0, 2), (-1, 2), (-1, 3), (0, 3), (0, 4), (1, 4), (1, 3), (2, 3), (2, 2), (1, 2), (1, 1)]"
HPPPHPHPHPPH,-2,"[(0, 0), (0, 1), (0, 2), (0, 3), (0, 4), (0, 5), (0, 6), (0, 7), (-1, 7), (-2, 7), (-2, 6), (-1, 6)]"
HHHHPPHPPHHPHH,-6,"[(0, 0), (0, 1), (-1, 1), (-1, 0), (-1, -1), (-2, -1), (-2, 0), (-2, 1), (-2, 2), (-1, 2), (0, 2), (1, 2), (1, 1), (1, 0)]"
PPHHPHPHPPHHHPPH,-5,"[(0, 0), (0, 1), (0, 2), (-1, 2), (-1, 3), (0, 3), (0, 4), (1, 4), (2, 4), (2, 3), (1, 3), (1, 2), (1, 1), (1, 0), (2, 0), (2, 1)]"
PHPPPHHHPHPHHPHHHH,-6,"[(0, 0), (0, 1), (0, 2), (0, 3), (-1, 3), (-1, 2), (-1, 1), (-1, 0), (-2, 0), (-2, 1), (-3, 1), (-3, 2), (-2, 2), (-2, 3), (-3, 3), (-4, 3), (-4, 2), (-4, 1)]"
PHHPHHPPHHHPPPPPHP,-5,"[(0, 0), (0, 1), (-1, 1), (-2, 1), (-2, 2), (-1, 2), (-1, 3), (0, 3), (0, 2), (1, 2), (1, 1), (1, 0), (1, -1), (2, -1), (2, 0), (2, 1), (2, 2), (2, 3)]"
PPHPHPPPHHPHHPH,-4,"[(0, 0), (0, 1), (0, 2), (0, 3), (-1, 3), (-1, 4), (-2, 4), (-2, 3), (-2, 2), (-1, 2), (-1, 1), (-2, 1), (-2, 0), (-3, 0), (-3, 1)]"
HHPHPPPHHPHPPHHHP,-6,"[(0, 0), (0, 1), (-1, 1), (-1, 0), (-1, -1), (0, -1), (1, -1), (1, 0), (1, 1), (1, 2), (2, 2), (3, 2), (3, 1), (2, 1), (2, 0), (2, -1), (2, -2)]"
HPPHHHPHHHPP,-4,"[(0, 0), (0, 1), (-1, 1), (-1, 0), (-1, -1), (0, -1), (0, -2), (-1, -2), (-2, -2), (-2, -1), (-2, 0), (-2, 1)]"
PPHHHHHPHHHPHP,-4,"[(0, 0), (0, 1), (0, 2), (0, 3), (-1, 3), (-1, 2), (-1, 1), (-2, 1), (-2, 2), (-2, 3), (-2, 4), (-3, 4), (-3, 3), (-3, 2)]"
HPHPHHHPHHHHH,-5,"[(0, 0), (0, 1), (-1, 1), (-2, 1), (-2, 0), (-1, 0), (-1, -1), (-1, -2), (-2, -2), (-2, -1), (-3, -1), (-3, 0), (-3, 1)]"
PHHHHHHPPHPPPHH,-6,"[(0, 0), (0, 1), (0, 2), (-1, 2), (-1, 1), (-2, 1), (-2, 2), (-3, 2), (-3, 3), (-2, 3), (-2, 4), (-1, 4), (0, 4), (0, 3), (-1, 3)]"
HHPHHPPPHPPPPHHHPP,-5,"[(0, 0), (0, 1), (-1, 1), (-1, 0), (-2, 0), (-3, 0), (-3, -1), (-2, -1), (-1, -1), (-1, -2), (-1, -3), (0, -3), (0, -2), (0, -1), (1, -1), (1, 0), (1, 1), (1, 2)]"
PHPPPHPPHHHHHPPH,-5,"[(0, 0), (0, 1), (-1, 1), (-2, 1), (-2, 2), (-1, 2), (-1, 3), (0, 3), (0, 2), (1, 2), (1, 1), (2, 1), (2, 2), (2, 3), (3, 3), (3, 2)]"
HHPHHHHHPPPHPPP,-4,"[(0, 0), (0, 1), (-1, 1), (-1, 0), (-1, -1), (0, -1), (0, -2), (-1, -2), (-1, -3), (-1, -4), (0, -4), (0, -3), (1, -3), (1, -2), (1, -1)]"
PHHHPPHPHHHPPH,-5,"[(0, 0), (0, 1), (-1, 1), (-1, 2), (-2, 2), (-2, 3), (-1, 3), (0, 3), (0, 2), (1, 2), (1, 1), (1, 0), (2, 0), (2, 1)]"
PPHPPHHPHHPPHPH,-4,"[(0, 0), (0, 1), (0, 2), (-1, 2), (-1, 3), (0, 3), (0, 4), (1, 4), (1, 3), (1, 2), (1, 1), (2, 1), (2, 2), (2, 3), (2, 4)]"
HPPHPPHHHPHPPHHH,-6,"[(0, 0), (0, 1), (-1, 1), (-1, 0), (-2, 0), (-2, -1), (-1, -1), (0, -1), (0, -2), (1, -2), (1, -1), (2, -1), (2, 0), (1, 0), (1, 1), (1, 2)]"
PHPHPPPHHPHHPP,-3,"[(0, 0), (0, 1), (0, 2), (-1, 2), (-1, 3), (-2, 3), (-2, 2), (-2, 1), (-1, 1), (-1, 0), (-2, 0), (-2, -1), (-2, -2), (-2, -3)]"
HHHHHHHPHPHHHPPP,-6,"[(0, 0), (0, 1), (0, 2), (-1, 2), (-1, 1), (-2, 1), (-2, 2), (-3, 2), (-3, 1), (-3, 0), (-2, 0), (-1, 0), (-1, -1), (-1, -2), (-1, -3), (-1, -4)]"
HPHHPHHPHPPPHPPH,-6,"[(0, 0), (0, 1), (-1, 1), (-1, 0), (-1, -1), (0, -1), (1, -1), (1, -2), (0, -2), (-1, -2), (-2, -2), (-2, -1), (-2, 0), (-3, 0), (-3, 1), (-2, 1)]"
HPPPHHPPHHHHHP,-4,"[(0, 0), (0, 1), (0, 2), (-1, 2), (-1, 1), (-1, 0), (-1, -1), (-2, -1), (-2, 0), (-2, 1), (-3, 1), (-3, 0), (-3, -1), (-3, -2)]"
HPPPPPPPHHPHHH,-3,"[(0, 0), (0, 1), (0, 2), (0, 3), (0, 4), (-1, 4), (-1, 3), (-1, 2), (-1, 1), (-1, 0), (-1, -1), (0, -1), (1, -1), (1, 0)]"
HPPHHHPHPPPHHPP,-5,"[(0, 0), (0, 1), (-1, 1), (-1, 0), (-1, -1), (0, -1), (0, -2), (-1, -2), (-1, -3), (-2, -3), (-2, -2), (-2, -1), (-2, 0), (-2, 1), (-2, 2)]"
HPPHPHPPPHHPHHPPH,-6,"[(0, 0), (0, 1), (-1, 1), (-1, 0), (-1, -1), (0, -1), (0, -2), (0, -3), (1, -3), (1, -2), (2, -2), (2, -1), (1, -1), (1, 0), (1, 1), (2, 1), (2, 0)]"
HHHPHPPHHHHHH,-6,"[(0, 0), (0, 1), (0, 2), (-1, 2), (-1, 1), (-2, 1), (-2, 0), (-1, 0), (-1, -1), (0, -1), (1, -1), (1, 0), (1, 1)]"
PHHPHHPPHHPHP,-4,"[(0, 0), (0, 1), (0, 2), (-1, 2), (-1, 1), (-1, 0), (-1, -1), (-2, -1), (-2, 0), (-2, 1), (-3, 1), (-3, 0), (-3, -1)]"
PHPHHHPHHPHHH,-5,"[(0, 0), (0, 1), (0, 2), (-1, 2), (-1, 1), (-2, 1), (-3, 1), (-3, 2), (-2, 2), (-2, 3), (-3, 3), (-4, 3), (-4, 2)]"
HHHPHHHPPPHHPP,-4,"[(0, 0), (0, 1), (0, 2), (-1, 2), (-1, 1), (-1, 0), (-1, -1), (-1, -2), (-2, -2), (-2, -1), (-2, 0), (-2, 1), (-2, 2), (-2, 3)]"
PPPHPHHHHHPPHP,-4,"[(0, 0), (0, 1), (0, 2), (0, 3), (0, 4), (-1, 4), (-1, 3), (-2, 3), (-2, 4), (-2, 5), (-2, 6), (-1, 6), (-1, 5), (0, 5)]"
PHPHHHHPHPPPHHPPH,-7,"[(0, 0), (0, 1), (-1, 1), (-1, 2), (0, 2), (0, 3), (-1, 3), (-1, 4), (0, 4), (0, 5), (1, 5), (1, 4), (1, 3), (1, 2), (2, 2), (2, 1), (1, 1)]"
HHPHPHHPHHHPPPHH,-7,"[(0, 0), (0, 1), (-1, 1), (-1, 0), (-1, -1), (0, -1), (0, -2), (1, -2), (1, -1), (1, 0), (1, 1), (1, 2), (2, 2), (2, 1), (2, 0), (2, -1)]"
PHPPPHPHPPHHHP,-4,"[(0, 0), (0, 1), (-1, 1), (-1, 2), (0, 2), (1, 2), (1, 3), (2, 3), (3, 3), (3, 2), (2, 2), (2, 1), (1, 1), (1, 0)]"
HPPHPHHHHPHHP,-5,"[(0, 0), (0, 1), (-1, 1), (-1, 0), (-1, -1), (0, -1), (1, -1), (1, 0), (1, 1), (2, 1), (2, 0), (2, -1), (2, -2)]"
PPHHHHPPHHHHHPHPHP,-7,"[(0, 0), (0, 1), (0, 2), (0, 3), (-1, 3), (-1, 2), (-1, 1), (-2, 1), (-2, 2), (-2, 3), (-2, 4), (-1, 4), (-1, 5), (0, 5), (0, 4), (1, 4), (1, 3), (1, 2)]"
PPPHPHHPHHHHPHPPHP,-6,"[(0, 0), (0, 1), (0, 2), (0, 3), (0, 4), (-1, 4), (-1, 3), (-2, 3), (-2, 4), (-2, 5), (-1, 5), (0, 5), (0, 6), (-1, 6), (-1, 7), (-2, 7), (-2, 6), (-3, 6)]"
PHHHHHHHPHHHPPP,-5,"[(0, 0), (0, 1), (0, 2), (-1, 2), (-1, 1), (-2, 1), (-2, 2), (-3, 2), (-3, 3), (-2, 3), (-1, 3), (0, 3), (0, 4), (0, 5), (0, 6)]"
PPHHHPPHPHHH,-4,"[(0, 0), (0, 1), (0, 2), (-1, 2), (-1, 3), (-2, 3), (-2, 4), (-1, 4), (0, 4), (0, 3), (1, 3), (1, 2)]"
PHHPHPHPPHPHHPH,-5,"[(0, 0), (0, 1), (-1, 1), (-1, 2), (0, 2), (1, 2), (1, 1), (1, 0), (2, 0), (2, 1), (2, 2), (3, 2), (3, 1), (4, 1), (4, 2)]"
PHPPPHPHHHHHHP,-4,"[(0, 0), (0, 1), (0, 2), (0, 3), (-1, 3), (-1, 2), (-2, 2), (-2, 1), (-1, 1), (-1, 0), (-2, 0), (-2, -1), (-1, -1), (-1, -2)]"
PHHPPPPHHHHPHPHH,-6,"[(0, 0), (0, 1), (0, 2), (0, 3), (0, 4), (-1, 4), (-1, 3), (-1, 2), (-1, 1), (-2, 1), (-2, 2), (-3, 2), (-3, 1), (-3, 0), (-2, 0), (-1, 0)]"
PPHPHPHHPHPHPH,-4,"[(0, 0), (0, 1), (0, 2), (0, 3), (-1, 3), (-2, 3), (-2, 2), (-1, 2), (-1, 1), (-2, 1), (-3, 1), (-3, 2), (-3, 3), (-3, 4)]"
HHHPPHHPHPHP,-4,"[(0, 0), (0, 1), (-1, 1), (-2, 1), (-2, 2), (-1, 2), (-1, 3), (0, 3), (0, 2), (1, 2), (1, 1), (1, 0)]"
PHHHHHPHHHPHPPPHH,-7,"[(0, 0), (0, 1), (0, 2), (-1, 2), (-1, 1), (-1, 0), (-2, 0), (-2, 1), (-2, 2), (-3, 2), (-3, 3), (-2, 3), (-2, 4), (-1, 4), (0, 4), (0, 3), (-1, 3)]"
HHPPPHPHPHHHHPHPP,-6,"[(0, 0), (0, 1), (0, 2), (-1, 2), (-1, 1), (-1, 0), (-1, -1), (0, -1), (1, -1), (1, 0), (1, 1), (2, 1), (2, 0), (3, 0), (3, 1), (3, 2), (3, 3)]"
HHPPHHHPPPHHP,-4,"[(0, 0), (0, 1), (0, 2), (-1, 2), (-1, 1), (-1, 0), (-1, -1), (-1, -2), (-2, -2), (-2, -1), (-2, 0), (-2, 1), (-2, 2)]"
HHHHHPPHPHPH,-5,"[(0, 0), (0, 1), (0, 2), (-1, 2), (-1, 1), (-2, 1), (-2, 0), (-1, 0), (-1, -1), (0, -1), (1, -1), (1, 0)]"
HPPPHPHHHPHPPPPHHP,-4,"[(0, 0), (0, 1), (0, 2), (-1, 2), (-1, 1), (-2, 1), (-2, 0), (-1, 0), (-1, -1), (-1, -2), (-1, -3), (-1, -4), (-2, -4), (-2, -3), (-2, -2), (-2, -1), (-3, -1), (-3, 0)]"
PHPHPHPPPHHPHHHPP,-5,"[(0, 0), (0, 1), (-1, 1), (-1, 2), (-2, 2), (-2, 3), (-2, 4), (-2, 5), (-1, 5), (-1, 4), (-1, 3), (0, 3), (0, 2), (1, 2), (1, 1), (1, 0), (1, -1)]"
HPHPHHHHPPPPPHH,-5,"[(0, 0), (0, 1), (-1, 1), (-2, 1), (-2, 0), (-1, 0), (-1, -1), (-2, -1), (-2, -2), (-2, -3), (-1, -3), (-1, -2), (0, -2), (0, -1), (1, -1)]"
PHPHPHHHHHPHP,-4,"[(0, 0), (0, 1), (0, 2), (-1, 2), (-2, 2), (-2, 1), (-1, 1), (-1, 0), (-2, 0), (-2, -1), (-3, -1), (-3, 0), (-3, 1)]"
PHHPHHHPPPHHHHHH,-7,"[(0, 0), (0, 1), (0, 2), (0, 3), (-1, 3), (-1, 2), (-1, 1), (-1, 0), (-2, 0), (-3, 0), (-3, 1), (-2, 1), (-2, 2), (-2, 3), (-3, 3), (-3, 2)]"
PHHHPHHHPHPHHHHH,-6,"[(0, 0), (0, 1), (0, 2), (-1, 2), (-1, 3), (0, 3), (1, 3), (1, 2), (2, 2), (2, 3), (2, 4), (1, 4), (0, 4), (0, 5), (1, 5), (1, 6)]"
PHPHPPHHPHPHHHP,-4,"[(0, 0), (0, 1), (0, 2), (-1, 2), (-2, 2), (-2, 1), (-1, 1), (-1, 0), (-2, 0), (-2, -1), (-2, -2), (-1, -2), (-1, -1), (0, -1), (0, -2)]"
HPPPHHHPPPHPHH,-4,"[(0, 0), (0, 1), (0, 2), (-1, 2), (-1, 1), (-1, 0), (-1, -1), (-1, -2), (-2, -2), (-2, -1), (-2, 0), (-3, 0), (-3, 1), (-2, 1)]"
HHHHPPPHHHPPHPPHP,-6,"[(0, 0), (0, 1), (-1, 1), (-1, 0), (-1, -1), (0, -1), (1, -1), (1, 0), (1, 1), (1, 2), (1, 3), (0, 3), (0, 2), (-1, 2), (-2, 2), (-2, 1), (-2, 0)]"
PHPPPHHHHPHPPHHH,-6,"[(0, 0), (0, 1), (-1, 1), (-1, 2), (-1, 3), (0, 3), (0, 2), (1, 2), (1, 3), (2, 3), (2, 2), (3, 2), (3, 1), (2, 1), (1, 1), (1, 0)]"
PPPPHPPHPHHHH,-3,"[(0, 0), (0, 1), (0, 2), (0, 3), (0, 4), (-1, 4), (-1, 5), (0, 5), (0, 6), (1, 6), (1, 5), (1, 4), (1, 3)]"
PHPPHHPPHPPHPH,-4,"[(0, 0), (0, 1), (0, 2), (-1, 2), (-1, 1), (-1, 0), (-1, -1), (-2, -1), (-2, 0), (-3, 0), (-3, 1), (-2, 1), (-2, 2), (-2, 3)]"
HHHPHHHHHPHHPPP,-5,"[(0, 0), (0, 1), (0, 2), (-1, 2), (-1, 1), (-1, 0), (-1, -1), (0, -1), (0, -2), (1, -2), (1, -1), (1, 0), (1, 1), (1, 2), (1, 3)]"
HHPPPHHPHHHHPPPHHH,-7,"[(0, 0), (0, 1), (-1, 1), (-1, 0), (-1, -1), (0, -1), (1, -1), (2, -1), (2, 0), (1, 0), (1, 1), (2, 1), (2, 2), (2, 3), (1, 3), (1, 2), (0, 2), (0, 3)]"
PPPPHPHHPHPPHH,-4,"[(0, 0), (0, 1), (0, 2), (0, 3), (0, 4), (0, 5), (-1, 5), (-1, 4), (-2, 4), (-2, 5), (-3, 5), (-3, 6), (-2, 6), (-1, 6)]"
PHPHHPPPHHHHPHPHP,-6,"[(0, 0), (0, 1), (0, 2), (-1, 2), (-1, 1), (-1, 0), (-2, 0), (-3, 0), (-3, 1), (-2, 1), (-2, 2), (-2, 3), (-3, 3), (-3, 2), (-4, 2), (-4, 1), (-4, 0)]"
PPPPHHHPPHHHPPHHPH,-6,"[(0, 0), (0, 1), (0, 2), (0, 3), (0, 4), (-1, 4), (-1, 5), (-1, 6), (0, 6), (0, 5), (1, 5), (1, 4), (1, 3), (2, 3), (2, 4), (2, 5), (2, 6), (1, 6)]"
PHPHPHPHPHPPHHP,-2,"[(0, 0), (0, 1), (0, 2), (0, 3), (0, 4), (0, 5), (0, 6), (0, 7), (0, 8), (-1, 8), (-2, 8), (-2, 7), (-1, 7), (-1, 6), (-1, 5)]"
HPHPPHPHHPHPPPHH,-6,"[(0, 0), (0, 1), (-1, 1), (-2, 1), (-2, 0), (-1, 0), (-1, -1), (0, -1), (0, -2), (1, -2), (1, -1), (2, -1), (2, 0), (2, 1), (1, 1), (1, 0)]"
HPPPHHHHHPHPP,-3,"[(0, 0), (0, 1), (0, 2), (-1, 2), (-1, 1), (-1, 0), (-1, -1), (0, -1), (0, -2), (1, -2), (1, -1), (1, 0), (1, 1)]"
PPPPPHPHHHHHHHP,-3,"[(0, 0), (0, 1), (0, 2), (0, 3), (0, 4), (0, 5), (0, 6), (-1, 6), (-1, 5), (-2, 5), (-2, 6), (-2, 7), (-1, 7), (-1, 8), (-1, 9)]"
HHPHPHHHHHHHPHPPHH,-9,"[(0, 0), (0, 1), (-1, 1), (-1, 0), (-1, -1), (0, -1), (1, -1), (1, 0), (1, 1), (2, 1), (2, 0), (2, -1), (2, -2), (1, -2), (1, -3), (0, -3), (0, -2), (-1, -2)]"
HHPHHHPPPHHHPPHPHH,-7,"[(0, 0), (0, 1), (-1, 1), (-1, 0), (-1, -1), (0, -1), (0, -2), (0, -3), (1, -3), (1, -2), (1, -1), (1, 0), (2, 0), (2, 1), (1, 1), (1, 2), (0, 2), (0, 3)]"
PHPPPHHHHPPPPHPPHH,-5,"[(0, 0), (0, 1), (0, 2), (0, 3), (-1, 3), (-1, 2), (-1, 1), (-2, 1), (-2, 2), (-2, 3), (-2, 4), (-3, 4), (-3, 3), (-3, 2), (-4, 2), (-4, 1), (-3, 1), (-3, 0)]"
HHPPHPHPHPHPP,-2,"[(0, 0), (0, 1), (-1, 1), (-1, 2), (0, 2), (1, 2), (1, 1), (1, 0), (1, -1), (1, -2), (1, -3), (1, -4), (1, -5)]"
HHPHPPHHPPHPPHHHP,-7,"[(0, 0), (0, 1), (-1, 1), (-1, 0), (-2, 0), (-2, -1), (-1, -1), (0, -1), (0, -2), (1, -2), (1, -1), (2, -1), (2, 0), (1, 0), (1, 1), (1, 2), (1, 3)]"
PPHHHHPPPPPHHH,-3,"[(0, 0), (0, 1), (0, 2), (0, 3), (-1, 3), (-1, 2), (-1, 1), (-2, 1), (-2, 2), (-2, 3), (-2, 4), (-1, 4), (0, 4), (0, 5)]"
HHPPHPPHHPHHPPHP,-6,"[(0, 0), (0, 1), (0, 2), (-1, 2), (-1, 1), (-2, 1), (-2, 0), (-1, 0), (-1, -1), (-1, -2), (0, -2), (0, -1), (1, -1), (1, 0), (1, 1), (1, 2)]"
HHPPHPPPHHPHHHHP,-6,"[(0, 0), (0, 1), (0, 2), (-1, 2), (-1, 1), (-2, 1), (-3, 1), (-3, 0), (-2, 0), (-1, 0), (-1, -1), (0, -1), (1, -1), (1, 0), (1, 1), (1, 2)]"
PHHHHPHPPHHPHHPP,-6,"[(0, 0), (0, 1), (0, 2), (-1, 2), (-1, 1), (-2, 1), (-2, 2), (-3, 2), (-3, 3), (-2, 3), (-1, 3), (-1, 4), (0, 4), (0, 3), (1, 3), (1, 4)]"
HPHPHPHHHPHHPPPH,-5,"[(0, 0), (0, 1), (0, 2), (0, 3), (-1, 3), (-2, 3), (-2, 2), (-1, 2), (-1, 1), (-1, 0), (-2, 0), (-2, 1), (-3, 1), (-3, 0), (-3, -1), (-2, -1)]"
PHHHPHPHPPPPHHH,-5,"[(0, 0), (0, 1), (-1, 1), (-1, 0), (-2, 0), (-2, 1), (-2, 2), (-1, 2), (-1, 3), (-1, 4), (0, 4), (0, 3), (0, 2), (1, 2), (1, 1)]"
PHHHHPHHHHHPPH,-6,"[(0, 0), (0, 1), (0, 2), (-1, 2), (-1, 1), (-2, 1), (-2, 2), (-2, 3), (-1, 3), (0, 3), (0, 4), (0, 5), (-1, 5), (-1, 4)]"
HHPPPPHPHPPHHHPPHH,-7,"[(0, 0), (0, 1), (-1, 1), (-1, 2), (-1, 3), (0, 3), (0, 2), (1, 2), (1, 1), (2, 1), (2, 0), (1, 0), (1, -1), (0, -1), (0, -2), (-1, -2), (-1, -1), (-1, 0)]"
PPHHHPPPPPPHHPHHP,-4,"[(0, 0), (0, 1), (0, 2), (0, 3), (-1, 3), (-1, 2), (-1, 1), (-2, 1), (-2, 2), (-2, 3), (-2, 4), (-1, 4), (0, 4), (1, 4), (1, 3), (1, 2), (1, 1)]"
PPPHPPHPHPHHPHPPH,-5,"[(0, 0), (0, 1), (0, 2), (0, 3), (-1, 3), (-1, 4), (0, 4), (1, 4), (1, 3), (1, 2), (2, 2), (2, 3), (3, 3), (3, 2), (3, 1), (4, 1), (4, 2)]"
HPHHPHHPPPPPHHPHPH,-6,"[(0, 0), (0, 1), (-1, 1), (-1, 0), (-1, -1), (0, -1), (1, -1), (1, -2), (1, -3), (2, -3), (2, -2), (2, -1), (2, 0), (1, 0), (1, 1), (2, 1), (3, 1), (3, 0)]"
PPPHHPHHHHHHP,-4,"[(0, 0), (0, 1), (0, 2), (0, 3), (0, 4), (0, 5), (-1, 5), (-1, 4), (-1, 3), (-2, 3), (-2, 4), (-2, 5), (-2, 6)]"
PPHHHPHHHPHPPHPHPH,-6,"[(0, 0), (0, 1), (0, 2), (0, 3), (0, 4), (0, 5), (-1, 5), (-1, 4), (-1, 3), (-2, 3), (-2, 4), (-3, 4), (-3, 5), (-2, 5), (-2, 6), (-1, 6), (-1, 7), (-1, 8)]"
PPHPPHHPPPHPHHH,-4,"[(0, 0), (0, 1), (0, 2), (-1, 2), (-1, 3), (0, 3), (0, 4), (0, 5), (1, 5), (1, 4), (1, 3), (2, 3), (2, 2), (1, 2), (1, 1)]"
PHHPHPPPPPHPPHHHH,-5,"[(0, 0), (0, 1), (0, 2), (-1, 2), (-1, 1), (-1, 0), (-1, -1), (0, -1), (1, -1), (1, 0), (1, 1), (2, 1), (2, 2), (1, 2), (1, 3), (0, 3), (0, 4)]"
PHPPHHPHPHPHPHHPPP,-4,"[(0, 0), (0, 1), (0, 2), (-1, 2), (-1, 1), (-1, 0), (-2, 0), (-2, 1), (-2, 2), (-2, 3), (-2, 4), (-3, 4), (-4, 4), (-4, 3), (-3, 3), (-3, 2), (-3, 1), (-3, 0)]"
HHHHHHPPPHPH,-4,"[(0, 0), (0, 1), (-1, 1), (-1, 0), (-1, -1), (0, -1), (0, -2), (0, -3), (-1, -3), (-1, -2), (-2, -2), (-2, -1)]"
